<?xml version="1.0"?>
<!DOCTYPE service-builder PUBLIC "-//Liferay//DTD Service Builder 7.4.0//EN" "http://www.liferay.com/dtd/liferay-service-builder_7_4_0.dtd">

<service-builder dependency-injector="ds" package-path="com.liferay.training.gradebook">
    <author>rahulholalkere</author>
    <namespace>Gradebook</namespace>
    <entity local-service="true" name="Assignment" remote-service="true">
    	<!-- PK fields -->
    	<column name="assignmentId" primary="true" type="long"></column>

    	<!-- Group instance -->
    	<column name="groupId" type="long"></column>

    	<!-- Audit fields -->
    	<column name="companyId" type="long"></column>
    	<column name="userId" type="long"></column>
    	<column name="userName" type="String"></column>
    	<column name="createDate" type="Date"></column>
    	<column name="modifiedDate" type="Date"></column>
		
		<!-- Assignment Actual Fields -->
		<column name="title" type="String" localized="true"/>
		<column name="description" type="String" localized="true"/>
		<column name="dueDate" type="Date"/>
		
		<!-- Default Ordering Whenever Retrieved -->
		<order by="asc">
			<order-column name="title" />
		</order>
		
		<!-- Finder Utility For Getting A List Of Assignment Based On Certain Fields and Some Limits -->
		<finder return-type="Collection" name="GroupId">
			<finder-column name="groupId" />
		</finder>
		
		<!-- Need Group References -->
		<reference entity="Group" package-path="com.liferay.portal"/>
		
		<!-- Need Asset References -->
		<reference entity="AssetEntry" package-path="com.liferay.portlet.asset"/>
    </entity>
    <exceptions>
    	<exception>AssignmentValidation</exception>
    </exceptions>
</service-builder>